ts,Hora,Hmax,cluster
2017-01-01,13,37.99876113079138,1
2017-01-02,15,38.88694685588714,1
2017-01-03,12,39.88590993197569,1
2017-01-04,16,36.624940765853694,1
2017-01-05,11,37.42001042458514,1
2017-01-06,14,39.12915037924806,1
2017-01-07,14,40.08946214686799,1
2017-01-08,14,39.69849869889595,1
2017-01-09,14,40.737431042997216,1
2017-01-10,14,38.30989193847075,1
2017-01-11,16,38.35813326566835,1
2017-01-12,12,35.15798671830545,1
2017-01-13,12,36.43061280296649,1
2017-01-14,16,38.27548891212384,1
2017-01-15,16,38.30000565543035,1
2017-01-16,14,37.34561203582395,1
2017-01-17,17,32.86381402943849,1
2017-01-18,16,32.8610827950164,1
2017-01-19,15,33.06027873974901,1
2017-01-20,13,33.097194443699514,1
2017-01-21,13,33.40194590932836,1
2017-01-22,17,30.756609474840328,1
2017-01-23,13,33.51213438079873,1
2017-01-24,12,37.215170080586965,1
2017-01-25,15,37.40055360004889,1
2017-01-26,9,33.498041445618185,1
2017-01-27,15,33.528634583095105,1
2017-01-28,14,39.897206128764736,1
2017-01-29,16,37.04052893154583,1
2017-01-30,14,38.72330304634495,1
2017-01-31,14,37.44448206463704,1
2017-02-01,12,35.50256664961601,1
2017-02-02,16,31.51953735557919,1
2017-02-03,16,36.52525854176119,1
2017-02-04,11,36.91588375388747,1
2017-02-05,15,40.512309035515464,1
2017-02-06,15,39.4628323377251,1
2017-02-07,15,39.93065357474795,1
2017-02-08,13,38.06630015694661,1
2017-02-09,13,35.7022369878902,1
2017-02-10,15,38.2461212499424,1
2017-02-11,15,37.52647159914808,1
2017-02-12,15,39.53937350591293,1
2017-02-13,15,37.811634167251746,1
2017-02-14,14,38.37977362078731,1
2017-02-15,16,39.874525891404545,1
2017-02-16,16,38.756571151777614,1
2017-02-17,13,40.11398852644535,1
2017-02-18,15,40.15689999948579,1
2017-02-19,16,41.36160270653971,1
2017-02-20,15,40.611314359443895,1
2017-02-21,13,38.67179303487266,1
2017-02-22,16,38.429941013515794,1
2017-02-23,16,37.94002623158778,1
2017-02-24,13,38.13491195953161,1
2017-02-25,16,33.96836050832156,1
2017-02-26,12,34.066118756424125,1
2017-02-27,17,36.810744754424036,1
2017-02-28,16,38.333276556824025,1
2017-03-01,15,38.302872839867284,1
2017-03-02,13,35.99729501409585,1
2017-03-03,12,37.77461880103408,1
2017-03-04,13,38.52280103089433,1
2017-03-05,11,33.62564191063044,1
2017-03-06,14,38.98445557543207,1
2017-03-07,12,39.968547753668545,1
2017-03-08,15,40.085947280551494,1
2017-03-09,15,39.043405609206864,1
2017-03-10,0,30.632885383595003,1
2017-03-11,23,32.31036909931993,1
2017-03-12,23,33.80320395265151,1
2017-03-13,13,36.27819987290865,1
2017-03-14,13,36.62348705667816,1
2017-03-15,14,35.625069922948754,1
2017-03-16,15,34.98364596751388,1
2017-03-17,15,35.27173472251044,1
2017-03-18,14,31.48281093811057,1
2017-03-19,14,30.566351984310113,0
2017-03-20,14,31.25949591856202,0
2017-03-21,15,30.97036038401591,0
2017-03-22,15,31.432524538175997,1
2017-03-23,13,30.181195996879357,1
2017-03-24,15,32.772190366341235,1
2017-03-25,14,33.93290907718326,1
2017-03-26,14,32.418740010512984,1
2017-03-27,12,28.49822476588611,0
2017-03-28,15,30.62335072957796,1
2017-03-29,14,28.556716024531823,0
2017-03-30,14,29.41935736189085,0
2017-03-31,14,27.51402066021982,0
2017-04-01,14,28.155798757184442,0
2017-04-02,14,30.21022634935016,0
2017-04-03,15,30.385037176770958,1
2017-04-04,14,31.26251182775692,1
2017-04-05,14,32.75093794033629,1
2017-04-06,14,31.809672578518068,1
2017-04-07,14,35.598053493234275,1
2017-04-08,12,35.56232855817291,1
2017-04-09,15,35.304712590149634,1
2017-04-10,15,36.126613774509075,1
2017-04-11,12,35.621963453934704,1
2017-04-12,12,31.112579931422502,1
2017-04-13,14,30.51136628342506,0
2017-04-14,14,33.43515766287265,1
2017-04-15,14,32.728652834025354,1
2017-04-16,15,32.73713970286973,1
2017-04-17,11,31.20673910615703,1
2017-04-18,13,27.987171390612968,0
2017-04-19,13,29.693984625009488,0
2017-04-20,14,32.548378500768784,1
2017-04-21,13,30.69739928583321,1
2017-04-22,15,26.178921003359623,0
2017-04-23,14,28.389251012732657,0
2017-04-24,15,31.93023991514783,0
2017-04-25,14,33.73027108668314,1
2017-04-26,8,27.776649434903984,0
2017-04-27,12,25.430942867293357,0
2017-04-28,12,25.894219479596487,0
2017-04-29,23,24.516321030006885,0
2017-04-30,23,25.634653729322014,1
2017-05-01,23,26.70637623697969,1
2017-05-02,23,27.72583784460541,1
2017-05-03,13,29.19304435636879,1
2017-05-04,0,28.44477858132729,1
2017-05-05,14,26.850262162136367,0
2017-05-06,14,27.01894587317402,0
2017-05-07,13,28.672692776659595,0
2017-05-08,12,28.56816106291764,0
2017-05-09,15,27.650793571210237,0
2017-05-10,15,28.568035639744483,0
2017-05-11,13,26.432957364269015,0
2017-05-12,16,28.925723704462303,0
2017-05-13,13,30.800499087791785,0
2017-05-14,15,28.818128333015004,0
2017-05-15,13,27.607152275513798,0
2017-05-16,15,25.683285542364985,0
2017-05-17,15,28.620889168876534,0
2017-05-18,11,25.184776468454782,0
2017-05-19,12,23.508174208384837,0
2017-05-20,14,28.416138338165297,0
2017-05-21,15,27.301654760921863,0
2017-05-22,12,29.31617979679645,0
2017-05-23,14,28.104554557403297,0
2017-05-24,14,30.525442923045254,0
2017-05-25,14,31.33121198595222,1
2017-05-26,14,32.269567083960574,1
2017-05-27,11,31.939202161984163,1
2017-05-28,14,30.48708540100341,0
2017-05-29,13,28.736884131001172,0
2017-05-30,11,29.009561727236747,0
2017-05-31,13,27.4604442388075,0
2017-06-01,16,22.68682185489718,0
2017-06-02,15,21.879795818287526,0
2017-06-03,15,26.982499779127146,0
2017-06-04,15,32.61986574083001,0
2017-06-05,15,26.834070920251055,0
2017-06-06,15,31.381960837043692,1
2017-06-07,14,32.55184231930172,1
2017-06-08,14,30.909364731179128,1
2017-06-09,12,26.061703917895123,0
2017-06-10,15,17.514479745021074,0
2017-06-11,16,22.17811212443025,0
2017-06-12,13,24.283875295309358,0
2017-06-13,12,24.498479940236678,0
2017-06-14,14,26.24399877251675,0
2017-06-15,14,26.755881074093708,0
2017-06-16,14,25.06292059058748,0
2017-06-17,14,26.69105023760538,0
2017-06-18,13,26.423343077891957,0
2017-06-19,14,26.55747750645196,0
2017-06-20,13,23.59918214928152,0
2017-06-21,13,26.28739155427136,0
2017-06-22,15,27.465581912946178,0
2017-06-23,15,26.371273307096477,0
2017-06-24,12,26.20130714329714,0
2017-06-25,15,24.666385824157015,0
2017-06-26,15,25.962635393252743,0
2017-06-27,15,24.224930103737307,0
2017-06-28,16,27.041468963629647,0
2017-06-29,12,25.836201973419897,0
2017-06-30,13,25.640874794904885,0
2017-07-01,14,25.79794711368052,0
2017-07-02,13,19.874888080169594,0
2017-07-03,14,18.625278592875507,0
2017-07-04,14,19.57199693493716,0
2017-07-05,15,20.524407859795726,0
2017-07-06,13,21.45564955728107,0
2017-07-07,14,22.397084233287156,0
2017-07-08,14,22.842686947475055,0
2017-07-09,14,23.8729360015673,0
2017-07-10,14,25.14170635975686,0
2017-07-11,15,26.114002652800288,0
2017-07-12,13,27.112827676579453,0
2017-07-13,14,26.71870614858109,0
2017-07-14,15,26.13348304739748,0
2017-07-15,13,25.605859005841857,0
2017-07-16,13,24.929288999340805,0
2017-07-17,15,25.707784869064678,0
2017-07-18,11,18.28100072657785,0
2017-07-19,15,18.515150581030394,0
2017-07-20,14,25.675354176969986,0
2017-07-21,14,26.20301005760475,0
2017-07-22,14,24.48430871239831,0
2017-07-23,12,25.947090537771714,0
2017-07-24,14,24.706270943705483,0
2017-07-25,15,26.097570727756892,0
2017-07-26,15,25.49767960917887,0
2017-07-27,15,25.964904417439055,0
2017-07-28,14,24.83916398352137,0
2017-07-29,16,26.35434796145649,0
2017-07-30,14,24.03117520206823,0
2017-07-31,16,22.623400619531875,0
2017-08-01,13,21.710373995611025,0
2017-08-02,15,25.058960273557783,0
2017-08-03,15,24.339211275207376,0
2017-08-04,12,21.308922476777955,0
2017-08-05,14,21.15747547958216,0
2017-08-06,14,22.944006768155408,0
2017-08-07,15,26.628712619266576,0
2017-08-08,14,28.94629446696805,0
2017-08-09,14,30.543906358201124,0
2017-08-10,14,31.14642303904861,0
2017-08-11,15,26.82083855988028,0
2017-08-12,14,31.067504561518998,0
2017-08-13,14,30.738103167237767,0
2017-08-14,14,29.723857259939567,0
2017-08-15,10,23.285763422881807,0
2017-08-16,10,22.712585194582697,0
2017-08-17,16,22.207940627841854,0
2017-08-18,16,22.81713541263377,0
2017-08-19,14,22.272842378989612,0
2017-08-20,11,29.23608529737549,0
2017-08-21,0,19.87002270115697,0
2017-08-22,14,25.35543247390881,0
2017-08-23,15,30.188798564794283,0
2017-08-24,12,25.23448776265558,0
2017-08-25,13,28.26265553421372,0
2017-08-26,15,27.91120788576877,0
2017-08-27,15,27.53863931554549,0
2017-08-28,14,28.633549392807964,0
2017-08-29,14,29.130191961148988,0
2017-08-30,13,30.023194983002025,0
2017-08-31,14,28.266849687210776,0
2017-09-01,15,29.623149611939827,0
2017-09-02,13,29.65161953587057,0
2017-09-03,15,27.467967020674358,0
2017-09-04,15,26.808830787138128,0
2017-09-05,14,27.51905351377832,0
2017-09-06,14,28.993191945272397,0
2017-09-07,15,29.030081946003275,0
2017-09-08,14,29.53392769281443,0
2017-09-09,15,30.51377225452859,0
2017-09-10,15,29.522775894012398,0
2017-09-11,15,31.29160936767757,0
2017-09-12,14,32.10523646662653,1
2017-09-13,13,31.06257890016121,0
2017-09-14,14,31.8995007157941,0
2017-09-15,14,32.12378892571011,0
2017-09-16,14,31.810432324535512,1
2017-09-17,14,31.010730698839087,0
2017-09-18,14,31.59379963501168,1
2017-09-19,13,31.303567665565723,0
2017-09-20,14,31.610048836083426,0
2017-09-21,15,31.45996445027185,0
2017-09-22,13,29.808740566970915,0
2017-09-23,15,30.94150046572492,0
2017-09-24,13,30.819189803075208,0
2017-09-25,13,30.199879688096285,0
2017-09-26,15,29.98300962447801,0
2017-09-27,13,31.033078262842203,0
2017-09-28,14,32.74266083595277,1
2017-09-29,14,32.303731835638374,0
2017-09-30,12,25.64155793504758,0
2017-10-01,15,29.92434495114872,0
2017-10-02,16,24.2440271404815,0
2017-10-03,15,25.81473480568264,0
2017-10-04,16,29.124812055339675,0
2017-10-05,14,34.23156923935065,1
2017-10-06,13,35.74671645533361,1
2017-10-07,0,27.74334780218193,0
2017-10-08,14,31.781315780393967,1
2017-10-09,16,34.1173869519467,1
2017-10-10,14,36.30362569108525,1
2017-10-11,13,37.56252356098755,1
2017-10-12,14,36.79013878148577,1
2017-10-13,15,37.37661933549498,1
2017-10-14,14,36.349815870618976,1
2017-10-15,13,30.7214987802422,0
2017-10-16,15,32.91556048031605,0
2017-10-17,14,33.509700175378555,1
2017-10-18,13,34.089880369310315,1
2017-10-19,15,33.644742782928425,1
2017-10-20,13,31.954068939747074,1
2017-10-21,12,29.908862410907112,1
2017-10-22,12,26.5223912072752,0
2017-10-23,13,25.013665652900862,0
2017-10-24,15,32.34449537524727,0
2017-10-25,13,35.548743545395354,1
2017-10-26,10,28.83058924545525,0
2017-10-27,14,34.010851221646945,0
2017-10-28,14,33.39385264145126,1
2017-10-29,14,29.989240437876806,1
2017-10-30,12,29.96399564790677,1
2017-10-31,13,29.23080856773713,0
2017-11-01,15,27.747331214939752,0
2017-11-02,15,32.00883218614923,0
2017-11-03,15,33.56669581306084,1
2017-11-04,15,33.53167977896223,1
2017-11-05,10,28.093852692253453,0
2017-11-06,13,30.40101083050469,0
2017-11-07,13,29.876118617978314,0
2017-11-08,15,31.68171905567171,1
2017-11-09,15,32.95990427082743,1
2017-11-10,15,34.23423833794169,1
2017-11-11,15,32.66321953544446,1
2017-11-12,15,27.868902684854927,0
2017-11-13,15,29.423915968946446,0
2017-11-14,15,31.117915896926608,0
2017-11-15,14,35.10647802236569,1
2017-11-16,13,35.484752236760706,1
2017-11-17,14,34.51805703078123,1
2017-11-18,13,34.09957787301481,1
2017-11-19,13,33.23598410601204,1
2017-11-20,15,33.07336448789858,1
2017-11-21,14,34.04856543241955,1
2017-11-22,15,31.71646481779535,1
2017-11-23,15,32.136426433429406,1
2017-11-24,14,33.939027553558375,1
2017-11-25,12,35.346623471970574,1
2017-11-26,16,30.329844446998955,1
2017-11-27,13,33.118711593201944,1
2017-11-28,11,33.53399413158879,1
2017-11-29,13,31.160696238702048,0
2017-11-30,14,32.546239137637656,0
2017-12-01,15,30.16916111410605,0
2017-12-02,16,31.627057927680077,1
2017-12-03,16,35.4743559815859,1
2017-12-04,15,36.06355801176424,1
2017-12-05,14,35.700767741219856,1
2017-12-06,14,36.58618857197956,1
2017-12-07,13,33.81914354941754,1
2017-12-08,14,36.52901716186425,1
2017-12-09,13,33.95660461789113,1
2017-12-10,14,33.205916160337146,1
2017-12-11,14,35.15049594472061,1
2017-12-12,13,31.42916328152913,1
2017-12-13,15,34.37853071924116,1
2017-12-14,15,34.9741777099818,1
2017-12-15,13,35.27186619167032,1
2017-12-16,14,36.2539117828289,1
2017-12-17,15,36.585804779093415,1
2017-12-18,15,36.25252566135136,1
2017-12-19,13,37.19146230840086,1
2017-12-20,14,35.87798353311776,1
2017-12-21,12,28.80514310803147,1
2017-12-22,16,31.046883923181873,1
2017-12-23,12,34.66009629229721,1
2017-12-24,14,35.942538852053254,1
2017-12-25,13,35.87623626192695,1
2017-12-26,13,36.14703360242951,1
2017-12-27,14,36.07256683900781,1
2017-12-28,14,36.537266937778114,1
2017-12-29,16,33.536578674354345,1
2017-12-30,10,29.468383508967534,1
2017-12-31,14,33.25046018347321,1
2018-01-01,16,35.34576392590804,1
2018-01-02,15,34.48885313883551,1
2018-01-03,14,33.41995089599002,1
2018-01-04,15,32.5252896500322,1
2018-01-05,14,34.90344622318089,1
2018-01-06,17,33.10919967478219,1
2018-01-07,13,26.055022529782324,0
2018-01-08,14,28.957387960393863,1
2018-01-09,15,32.74005573058193,1
2018-01-10,17,34.14096485070075,1
2018-01-11,14,35.96152822177486,1
2018-01-12,15,30.704869684702764,1
2018-01-13,16,32.243910522231324,1
2018-01-14,13,35.024500310566964,1
2018-01-15,15,35.38549463849552,1
2018-01-16,15,35.490343752268856,1
2018-01-17,13,37.557654710237756,1
2018-01-18,13,37.15262017607336,1
2018-01-19,15,37.357584203253936,1
2018-01-20,15,36.09847031547936,1
2018-01-21,14,36.67702403960353,1
2018-01-22,13,37.44758249502026,1
2018-01-23,13,37.86604294556868,1
2018-01-24,16,36.89282481695789,1
2018-01-25,13,38.0378590125734,1
2018-01-26,13,36.40593383774117,1
2018-01-27,14,36.02200810570022,1
2018-01-28,15,37.06026372178042,1
2018-01-29,15,35.584602970191995,1
2018-01-30,14,27.43436983348069,1
2018-01-31,13,32.038708477356955,1
2018-02-01,15,32.926963760690484,1
2018-02-02,14,33.943283572557434,1
2018-02-03,14,35.05507527762577,1
2018-02-04,14,32.87920133877458,1
2018-02-05,15,33.000274916658356,1
2018-02-06,15,31.571357562435203,1
2018-02-07,15,31.56518047688905,1
2018-02-08,15,33.67738324571876,1
2018-02-09,17,35.68038072762773,1
2018-02-10,12,33.66450856513286,1
2018-02-11,13,37.44860955378447,1
2018-02-12,16,37.629476696867656,1
2018-02-13,13,33.58053012913324,1
2018-02-14,16,29.716632575712442,1
2018-02-15,16,31.217645024372125,1
2018-02-16,14,35.060264578398936,1
2018-02-17,15,34.60231814958643,1
2018-02-18,14,27.51199335082869,0
2018-02-19,14,32.572610339883674,1
2018-02-20,15,34.99584112531961,1
2018-02-21,16,34.17842762904324,1
2018-02-22,14,35.556832224158185,1
2018-02-23,15,35.090161213393586,1
2018-02-24,14,34.781837032845374,1
2018-02-25,13,34.807543009205745,1
2018-02-26,10,32.705901786998524,1
2018-02-27,15,33.48471862017774,1
2018-02-28,13,36.62594983891471,1
2018-03-01,15,38.31029943608669,1
2018-03-02,14,37.559617595340455,1
2018-03-03,14,35.94955092277974,1
2018-03-04,13,37.363661855325475,1
2018-03-05,13,37.0057224423077,1
2018-03-06,13,37.69865125577221,1
2018-03-07,15,37.503836159076634,1
2018-03-08,14,35.623742732387484,1
2018-03-09,14,36.16589723304368,1
2018-03-10,14,36.97614236018446,1
2018-03-11,15,35.05239380114976,1
2018-03-12,14,37.595644679932654,1
2018-03-13,12,38.33999452993685,1
2018-03-14,15,39.39222709728846,1
2018-03-15,14,38.08457641642164,1
2018-03-16,12,37.63099048154007,1
2018-03-17,14,37.69961440142149,1
2018-03-18,13,37.45279343060721,1
2018-03-19,14,38.52125950342405,1
2018-03-20,14,38.67537879244329,1
2018-03-21,14,35.759769982742455,1
2018-03-22,15,35.05043175030666,1
2018-03-23,15,37.58163197060927,1
2018-03-24,14,35.09479884669341,1
2018-03-25,15,35.05093916904234,1
2018-03-26,13,35.121685080456274,1
2018-03-27,13,33.89083254207681,1
2018-03-28,13,34.1812342503552,1
2018-03-29,13,35.20424120736814,1
2018-03-30,13,34.05497781026348,1
2018-03-31,14,34.32937607110178,1
2018-04-01,12,34.18943659405865,1
2018-04-02,14,33.39626493649613,1
2018-04-03,11,33.22791638457902,1
2018-04-04,14,33.32619553671688,1
2018-04-05,15,32.55128961728409,1
2018-04-06,14,32.62846523089558,1
2018-04-07,12,33.118099895123876,1
2018-04-08,14,35.04839345982555,1
2018-04-09,15,33.957298618706915,1
2018-04-10,15,33.266395220505174,1
2018-04-11,14,32.09591689766585,1
2018-04-12,15,31.383799607029328,1
2018-04-13,15,33.727055397259996,1
2018-04-14,13,33.061619376564714,1
2018-04-15,11,30.844547272936182,1
2018-04-16,13,29.290521275967258,0
2018-04-17,14,29.254799731012373,0
2018-04-18,15,27.677814775904302,0
2018-04-19,14,28.708703077749693,0
2018-04-20,11,25.97935474346417,0
2018-04-21,15,28.50216750652681,0
2018-04-22,13,30.277965572700747,0
2018-04-23,13,30.437850205811092,1
2018-04-24,13,31.22193462402536,1
2018-04-25,16,31.95302460421889,1
2018-04-26,15,33.679219629496224,1
2018-04-27,14,33.07560697774856,1
2018-04-28,12,33.04270215455448,1
2018-04-29,13,32.30031474823532,1
2018-04-30,14,31.577452730437347,1
2018-05-01,15,32.09705438778721,1
2018-05-02,14,31.78723873242807,1
2018-05-03,14,31.393636610367174,1
2018-05-04,15,31.659816288735623,1
2018-05-05,14,32.967151044001604,1
2018-05-06,12,32.60000851041798,1
2018-05-07,14,30.68178703174666,1
2018-05-08,14,30.674241107934538,0
2018-05-09,14,30.02156285850693,0
2018-05-10,14,28.16940486711675,0
2018-05-11,14,30.52168857562025,0
2018-05-12,14,30.417705723189503,1
2018-05-13,14,30.03730253835217,0
2018-05-14,14,31.856505935469,0
2018-05-15,16,27.801903317185694,0
2018-05-16,15,30.74437818852689,0
2018-05-17,14,31.32482986424008,1
2018-05-18,15,32.29721438234347,1
2018-05-19,8,25.059151526398352,0
2018-05-20,14,17.872527364677282,0
2018-05-21,16,20.349585105085627,0
2018-05-22,14,24.36030463208898,0
2018-05-23,14,25.069165065639478,0
2018-05-24,14,26.973836481257354,0
2018-05-25,15,26.58284079985405,0
2018-05-26,13,27.185726499405213,0
2018-05-27,12,26.768821474063692,0
2018-05-28,14,26.24403471692659,0
2018-05-29,14,24.477575389029703,0
2018-05-30,13,24.343259594044234,0
2018-05-31,14,25.12622253807066,0
2018-06-01,14,25.47000680829257,0
2018-06-02,14,28.172575800831762,0
2018-06-03,13,27.432929464250503,0
2018-06-04,13,23.62760110943179,0
2018-06-05,14,27.14110659928087,0
2018-06-06,15,27.59277355240486,0
2018-06-07,15,29.042628277826967,0
2018-06-08,14,22.688457029422693,0
2018-06-09,16,27.461754252229557,0
2018-06-10,14,33.079226141553285,1
2018-06-11,15,32.813699709083735,1
2018-06-12,13,32.00455290616302,1
2018-06-13,15,30.41913798337524,1
2018-06-14,12,26.74776926846453,0
2018-06-15,15,25.766162335411774,0
2018-06-16,13,22.69042502367728,0
2018-06-17,15,28.056958503636803,0
2018-06-18,13,27.749831367309717,0
2018-06-19,14,28.10056504560059,0
2018-06-20,14,27.82284593803432,0
2018-06-21,14,27.532937133804158,0
2018-06-22,12,27.301926604525853,0
2018-06-23,14,28.767511740763155,0
2018-06-24,14,29.57348228238249,0
2018-06-25,13,28.29115216189977,0
2018-06-26,14,28.136507702625046,0
2018-06-27,14,29.25216441831984,0
2018-06-28,15,29.768648193712824,0
2018-06-29,14,27.069413149440997,0
2018-06-30,15,27.689558278357588,0
2018-07-01,13,27.69056136518055,0
2018-07-02,12,28.473649111580745,0
2018-07-03,14,29.14597388445487,0
2018-07-04,14,29.02694513382269,0
2018-07-05,13,28.96846799997665,0
2018-07-06,14,28.75231338679105,0
2018-07-07,13,26.47136099193727,0
2018-07-08,14,27.44316431469841,0
2018-07-09,14,27.596458634480893,0
2018-07-10,15,18.614000450867838,0
2018-07-11,14,19.022482912266256,0
2018-07-12,14,20.13686243796285,0
2018-07-13,14,20.88468526300107,0
2018-07-14,14,26.26509891226141,0
2018-07-15,14,27.73912340819253,0
2018-07-16,14,28.665903079566608,0
2018-07-17,14,28.06569309041172,0
2018-07-18,15,28.994095921345238,0
2018-07-19,15,29.476747674426623,0
2018-07-20,15,29.66899277866955,0
2018-07-21,14,29.793311337331254,0
2018-07-22,14,28.968709524293317,0
2018-07-23,15,27.830525540123386,0
2018-07-24,14,26.921104941392798,0
2018-07-25,14,27.3261989964703,0
2018-07-26,15,27.231505418870444,0
2018-07-27,14,27.173390608755593,0
2018-07-28,14,28.25581188723909,0
2018-07-29,14,29.645119332704198,0
2018-07-30,15,29.57034519239306,0
2018-07-31,15,24.16497084753477,0
2018-08-01,14,18.961892571890566,0
2018-08-02,13,25.44727257497731,0
2018-08-03,15,20.443131783594858,0
2018-08-04,14,23.837003171602355,0
2018-08-05,14,23.567238288008035,0
2018-08-06,0,19.346569200616297,0
2018-08-07,15,26.88184458824991,0
2018-08-08,14,29.398536615062923,0
2018-08-09,14,29.142907548434053,0
2018-08-10,15,20.844455059731906,0
2018-08-11,15,21.210810610277786,0
2018-08-12,15,22.68908336572443,0
2018-08-13,15,25.239982844609102,0
2018-08-14,15,27.373386984960646,0
2018-08-15,13,28.38871176611362,0
2018-08-16,13,23.735672414943643,0
2018-08-17,14,25.87458039477821,0
2018-08-18,14,27.37441007559958,0
2018-08-19,14,27.35908027252924,0
2018-08-20,15,28.78835333965054,0
2018-08-21,15,28.70185742977054,0
2018-08-22,14,27.699914692481656,0
2018-08-23,15,29.409836742716713,0
2018-08-24,12,31.14055829839043,0
2018-08-25,12,26.671868704103783,0
2018-08-26,2,22.212998053411997,0
2018-08-27,14,27.01683258653582,0
2018-08-28,16,29.335061676237633,0
2018-08-29,14,28.49204003995736,0
2018-08-30,13,29.15536392983385,0
2018-08-31,15,30.43395351031672,0
2018-09-01,15,32.0114618109721,1
2018-09-02,14,32.972657295554896,1
2018-09-03,11,28.386251007602105,0
2018-09-04,16,18.47109671430313,0
2018-09-05,14,19.965613540997705,0
2018-09-06,15,26.78440622758644,0
2018-09-07,13,29.273413565713753,0
2018-09-08,14,29.536696940604987,0
2018-09-09,13,29.2509358314603,0
2018-09-10,15,28.856107165906018,0
2018-09-11,14,29.002334314013037,0
2018-09-12,14,30.181805642908696,0
2018-09-13,15,32.01012901719676,0
2018-09-14,13,23.07572722397729,0
2018-09-15,15,27.282464612290735,0
2018-09-16,14,28.801823465350274,0
2018-09-17,18,23.60963506457555,0
2018-09-18,11,27.3263279308372,0
2018-09-19,14,33.970928413613464,1
2018-09-20,15,26.262373235480407,0
2018-09-21,15,30.55170648697637,1
2018-09-22,15,31.65905983383509,1
2018-09-23,15,33.879553035525234,1
2018-09-24,13,34.808180292370984,1
2018-09-25,15,36.19036000983381,1
2018-09-26,13,34.71750748859986,1
2018-09-27,11,33.94483296197993,1
2018-09-28,14,30.459357407012,1
2018-09-29,14,34.511506702970394,1
2018-09-30,12,34.74993746510329,1
2018-10-01,16,32.956869025645425,1
2018-10-02,13,35.42981986622093,1
2018-10-03,14,39.453781472560884,1
2018-10-04,14,35.9049935195627,1
2018-10-05,12,32.055913821741555,0
2018-10-06,13,27.90034616498108,0
2018-10-07,14,31.152701786143066,1
2018-10-08,16,30.18489907100191,1
2018-10-09,13,35.45431689856304,1
2018-10-10,16,37.194227168233965,1
2018-10-11,14,32.44134698024917,1
2018-10-12,14,39.202505859929936,1
2018-10-13,13,39.310018404107105,1
2018-10-14,13,36.54411217303247,1
2018-10-15,23,32.0814985833608,1
2018-10-16,14,38.483361977688816,1
2018-10-17,13,37.18650910278331,1
2018-10-18,15,37.84800179850385,1
2018-10-19,12,33.11248656890536,1
2018-10-20,15,27.59446071694912,0
2018-10-21,15,30.29030098684121,0
2018-10-22,15,34.99659581858075,1
2018-10-23,14,37.236461715131924,1
2018-10-24,15,27.860868669038343,1
2018-10-25,16,29.73079598925418,1
2018-10-26,14,34.332875550704664,1
2018-10-27,0,32.26596101651258,1
2018-10-28,0,27.818939015672434,1
2018-10-29,15,30.99414100101569,0
2018-10-30,15,36.736905865566314,1
2018-10-31,13,40.22078381542511,1
2018-11-01,13,35.83625926219364,1
2018-11-02,15,39.14531890337169,1
2018-11-03,14,39.186044669985264,1
2018-11-04,14,32.91984251431929,1
2018-11-05,14,30.877418542395304,1
2018-11-06,15,33.987268807420755,1
2018-11-07,11,34.644686049366555,1
2018-11-08,13,27.739147112064785,0
2018-11-09,12,30.206240401946825,1
2018-11-10,17,31.1209245628447,1
2018-11-11,14,36.89953064558628,1
2018-11-12,16,39.483219239320285,1
2018-11-13,15,39.62334708948266,1
2018-11-14,13,39.34588523668988,1
2018-11-15,15,40.45953293331958,1
2018-11-16,13,40.331986165549296,1
2018-11-17,15,37.9160788148897,1
2018-11-18,13,35.61696160066881,1
2018-11-19,0,28.370627207266676,0
2018-11-20,13,30.43891806971152,0
2018-11-21,12,30.521977715633522,1
2018-11-22,13,34.69968612784884,1
2018-11-23,13,35.90203375614389,1
2018-11-24,15,31.59780933715653,1
2018-11-25,14,36.36901017659913,1
2018-11-26,13,32.19734563733995,1
2018-11-27,16,35.22868294665963,1
2018-11-28,15,36.49194434499289,1
2018-11-29,13,36.77540508632116,1
2018-11-30,15,38.670423794150274,1
2018-12-01,12,33.47858759210829,1
2018-12-02,14,35.595769033927006,1
2018-12-03,14,33.11295658859572,1
2018-12-04,16,36.04296218953967,1
2018-12-05,14,38.028860555295616,1
2018-12-06,12,37.73978014605885,1
2018-12-07,14,36.023449321900436,1
2018-12-08,13,26.77816596917629,0
2018-12-09,16,32.57359229143449,0
2018-12-10,15,35.37851358088057,1
2018-12-11,15,37.108796841567134,1
2018-12-12,16,38.14940946490879,1
2018-12-13,15,39.00962470212613,1
2018-12-14,15,38.845110728881664,1
2018-12-15,15,40.63890586192888,1
2018-12-16,13,40.981104090646404,1
2018-12-17,15,42.03931128289837,1
2018-12-18,15,42.03925045381549,1
2018-12-19,14,39.71268905838541,1
2018-12-20,16,41.49270882464009,1
2018-12-21,14,42.2337222924992,1
2018-12-22,13,40.516886120902775,1
2018-12-23,15,38.46674679998935,1
2018-12-24,14,36.85106575350153,1
2018-12-25,16,33.91291482426916,1
2018-12-26,13,35.643373232432424,1
2018-12-27,14,37.66249543456132,1
2018-12-28,14,38.317248696985146,1
2018-12-29,14,38.725257187989065,1
2018-12-30,14,39.879395724205935,1
2018-12-31,12,38.147286093096845,1
2020-01-01,16,38.986312117416276,1
2020-01-02,15,38.22952183799929,1
2020-01-03,15,34.12290615983041,1
2020-01-04,16,35.599449163167954,1
2020-01-05,14,36.10080258712061,1
2020-01-06,16,37.62811840212345,1
2020-01-07,15,40.234232037936394,1
2020-01-08,13,38.47701935435215,1
2020-01-09,15,40.18095644026431,1
2020-01-10,16,40.94497945801502,1
2020-01-11,12,40.859053073094785,1
2020-01-12,14,39.92768429998677,1
2020-01-13,15,35.70718119042087,1
2020-01-14,14,39.92768429998677,1
2020-01-15,14,40.6717852484638,1
2020-01-16,15,42.29380434150854,1
2020-01-17,1,31.59342003679243,1
2020-01-18,16,34.824128565708264,1
2020-01-19,14,36.84413031322698,1
2020-01-20,14,36.84413031322698,1
2020-01-21,14,35.90217364550418,1
2020-01-22,14,35.90217364550418,1
2020-01-23,15,33.0096825854118,1
2020-01-24,13,32.24864756003519,1
2020-01-25,15,34.54368736631363,1
2020-01-26,16,33.59683009901051,1
2020-01-27,15,33.8555797905575,1
2020-01-28,16,35.775820988646345,1
2020-01-29,14,39.39219135953429,1
2020-01-30,14,38.58006755015909,1
2020-01-31,13,39.24374508939732,1
2020-02-01,14,38.560039064297705,1
2020-02-02,14,38.01255733994945,1
2020-02-03,13,38.560039064297705,1
2020-02-04,14,37.966265419790226,1
2020-02-05,15,37.28655106797695,1
2020-02-06,15,36.45622565290924,1
2020-02-07,17,34.68533114601316,1
2020-02-08,15,36.238025397896656,1
2020-02-09,15,37.11629226220789,1
2020-02-10,16,31.492392470882407,1
2020-02-11,15,29.696457390536494,1
2020-02-12,16,29.86062355416597,1
2020-02-13,17,35.191296526088145,1
2020-02-14,16,37.3554009159322,1
2020-02-15,15,39.12371586782099,1
2020-02-16,14,40.36194055555797,1
2020-02-17,15,40.26794598381967,1
2020-02-18,12,39.16786787915415,1
2020-02-19,14,40.050517959903424,1
2020-02-20,15,40.6717852484638,1
2020-02-21,10,33.38134364025553,1
2020-02-22,15,29.52166419694377,1
2020-02-23,14,32.12088211464305,1
2020-02-24,13,35.48641803424272,1
2020-02-25,10,33.33681452015452,1
2020-02-26,1,28.687718632660516,0
2020-02-27,13,28.987337730543693,1
2020-02-28,17,34.9776210614785,1
2020-02-29,17,34.9776210614785,1
2020-03-01,14,31.13042576419028,1
2020-03-02,15,32.075709258917534,1
2020-03-03,16,31.961637155684684,1
2020-03-04,16,34.084778656154626,1
2020-03-05,14,31.63761820906973,1
2020-03-06,17,30.114996062744915,1
2020-03-07,16,34.159218778660886,1
2020-03-08,14,34.47448924534968,1
2020-03-09,16,35.36878577499102,1
2020-03-10,14,37.3554009159322,1
2020-03-11,15,37.401705827104884,1
2020-03-12,15,37.66567633716311,1
2020-03-13,15,37.04600083858763,1
2020-03-14,15,37.40382795653229,1
2020-03-15,16,39.64474265826179,1
2020-03-16,14,39.20460700954105,1
2020-03-17,15,37.04454897731946,1
2020-03-18,15,38.79953141061667,1
2020-03-19,16,37.894710075613595,1
2020-03-20,16,36.23799973145899,1
2020-03-21,16,30.419535687458357,1
2020-03-22,13,31.088050428231195,1
2020-03-23,16,30.42063367142264,1
2020-03-24,13,30.14166567494797,1
2020-03-25,12,29.678537073795386,1
2020-03-26,16,31.204293435614282,1
2020-03-27,15,31.13752912439062,1
2020-03-28,16,35.318565373185514,1
2020-03-29,14,34.510548965913536,1
2020-03-30,15,36.64900671916824,1
2020-03-31,16,37.14169075693381,1
2020-04-01,16,32.3038029219085,1
2020-04-02,17,31.548173583234938,1
2020-04-03,15,25.314758583846704,0
2020-04-04,15,26.731217766575092,0
2020-04-05,15,29.428238073999108,0
2020-04-06,15,30.993851055865317,0
2020-04-07,15,21.40207772671917,0
2020-04-08,16,24.570780850889825,0
2020-04-09,16,26.90304080006457,0
2020-04-10,16,27.310373059648942,0
2020-04-11,15,27.88667801313573,0
2020-04-12,16,28.76872515175404,0
2020-04-13,16,27.905987636885513,0
2020-04-14,13,28.96453466577561,0
2020-04-15,15,26.172025636499058,0
2020-04-16,15,27.014436691231214,0
2020-04-17,16,28.235122219813547,0
2020-04-18,13,29.288951437474488,0
2020-04-19,16,29.56772375731395,0
2020-04-20,14,28.615278284658718,0
2020-04-21,12,28.418519581701638,0
2020-04-22,14,28.615278284658718,0
2020-04-23,16,29.56772375731395,0
2020-04-24,13,29.288951437474488,0
2020-04-25,13,29.288951437474488,0
2020-04-26,16,20.337742716353727,0
2020-04-27,16,22.746684688538465,0
2020-04-28,16,23.308785350538304,0
2020-04-29,15,26.422077019331827,0
2020-04-30,16,26.51507256100005,0
2020-05-01,16,32.3038029219085,1
2020-05-02,17,31.548173583234938,1
2020-05-03,15,25.314758583846704,0
2020-05-04,15,26.731217766575092,0
2020-05-05,15,29.428238073999108,0
2020-05-06,15,30.993851055865317,0
2020-05-07,15,21.40207772671917,0
2020-05-08,16,24.570780850889825,0
2020-05-09,16,26.90304080006457,0
2020-05-10,16,27.310373059648942,0
2020-05-11,15,27.88667801313573,0
2020-05-12,16,28.76872515175404,0
2020-05-13,16,27.905987636885513,0
2020-05-14,13,28.96453466577561,0
2020-05-15,15,26.172025636499058,0
2020-05-16,15,27.014436691231214,0
2020-05-17,16,28.235122219813547,0
2020-05-18,13,29.288951437474488,0
2020-05-19,16,29.56772375731395,0
2020-05-20,14,28.615278284658718,0
2020-05-21,14,28.615278284658718,0
2020-05-22,14,28.615278284658718,0
2020-05-23,14,28.615278284658718,0
2020-05-24,14,28.615278284658718,0
2020-05-25,16,29.56772375731395,0
2020-05-26,16,20.337742716353727,0
2020-05-27,16,22.746684688538465,0
2020-05-28,16,23.308785350538304,0
2020-05-29,15,26.422077019331827,0
2020-05-30,16,26.51507256100005,0
2020-05-31,14,25.996619626331015,0
